intent,prompt,reply
adaptive_greeting,"hi, hello, hey, good morning, good evening, good afternoon","lambda: (""Good morning!"" if 0 <= datetime.now().hour < 12 else ""Good afternoon!"" if 12 <= datetime.now().hour < 17 else ""Good evening!"")"
timings,"timing, hours, when open, open, close, schedule, time","School hours: Monday–Friday, 8:00 AM — 3:00 PM. Gate opens at 7:30 AM and closes at 3:30 PM."
fees,"fee, fees, tuition, cost, price","Current fees (example): Annual tuition ₹55,000. This includes regular classes and basic activities; workbook fees extra."
discounts,"discount, scholarship, sibling, concession, rebate","We offer a 10% sibling discount, and a 5% early-payment discount on tuition if paid before April 30 each year."
policies,"policy, policies, rules, attendance policy, discipline","Key policies: 80% minimum attendance to sit exams, uniform required Monday–Friday, mobile phones restricted on campus, strict anti-bullying rules."
payment,"payment, pay, mode, transaction, upi, bank transfer, online","Payments accepted: UPI, netbanking (NEFT/IMPS), credit/debit cards at the office, and cheque. We provide digital invoices on request."
history,"history, founded, established, about us, about","Our school was founded in 1998 with a focus on holistic education and community engagement."
attendance,"attendance, absent, leave, attendance rule, required attendance","Students should maintain at least 80% attendance. Submit leave requests via the parent portal or written note to the class teacher."
extracurriculars,"extra, extracurricular, activities, clubs, sports, music, dance, robotics","Extra-curriculars: football, basketball, music, dance, art, coding club, robotics and debate. Clubs run after school on weekdays."
syllabus,"syllabus, curriculum, cbse, board, what we teach","We follow the CBSE curriculum with additional life-skills and project-based learning modules."
exam_schedule,"exam, exam schedule, test, datesheet, date sheet, finals, midterm","Exam schedules are publishesd term-wise in the parent portal and on the notice board. Example: Term 1 exams: Oct 5–10; Term 2 exams: Feb 12–18 (example)."
staff,"staff, teachers, principal, head, teacher info, faculty","We have 45 teaching staff and 15 support staff. All teachers are certified with average 6+ years teaching experience. Contact details are available on request."
amenities,"amenity, facility, facilities, labs, library, playground, bus","Facilities: Smart classrooms, science & computer labs, library, playground, art studio, music room, and AC transport on selected routes."
history_of_payments,"history, payment history, fee history, invoices, receipts","Parents can view payment history and download receipts from the parent portal under 'Payments'."
admission,"admission, enroll, registration, apply, how to join","Admissions: Fill the online application on our admission page, submit required documents and pay the registration fee. Interview and assessment dates are shared later."
transport,"transport, bus, bus routes, pickup, drop","School transport: multiple bus routes with GPS tracking; pick-up times vary by route. Contact transport coordinator for route availability and charges."
safety,"safety, security, covid, sanitation, first aid","Safety: CCTV coverage, trained first-aid staff, regular fire drills, and strict visitor check-in procedures."
default,,"Sorry, I didn't get that. You can ask about timings, fees, discounts, admissions, transport, exams, staff, facilities, or say 'help' for suggested prompts."